alert_id,establishment_id,establishment_name,alert_type,severity,message,recommended_action,created_date,is_read
1a6df6e8-72d4-4bb3-b515-2df0c238e8e6,8f651d62-4d43-4e25-ba46-ca861aeab5af,United Phoenix Engineering,Zone Risk,Medium,Current zone is Low_Green. Action required to maintain or improve compliance status.,Hire 10 Saudi nationals to move to the next zone.,2026-01-06 03:46:55,False
760ad3c8-4760-4950-ac7a-36b9c508e0dc,46f0c878-f4d0-4f4f-9900-e2019a029e9b,Royal Apex Financial,Zone Risk,High,Current zone is Yellow. Action required to maintain or improve compliance status.,Hire 4 Saudi nationals to move to the next zone.,2026-01-06 03:46:55,False
a4d35739-05b6-4201-b548-58c7c8b32738,38025427-0acf-4679-97fa-8d198eb26788,United Crown Systems,Zone Risk,Medium,Current zone is Low_Green. Action required to maintain or improve compliance status.,Hire 5 Saudi nationals to move to the next zone.,2026-01-06 03:46:55,False
53f51e2e-d596-4798-b99a-11f9362e2091,38025427-0acf-4679-97fa-8d198eb26788,United Crown Systems,Contract Expiry,Medium,5 Saudi employee contract(s) expiring within 30 days.,Review and renew contracts to maintain Saudization rate.,2026-01-06 03:46:55,False
5436435e-7673-4326-8552-7b9274503c4f,797f2b9a-2424-43f0-acad-cdefdd0efa02,Elite Palm Builders,Contract Expiry,Medium,4 Saudi employee contract(s) expiring within 30 days.,Review and renew contracts to maintain Saudization rate.,2026-01-06 03:46:55,False
ff964edc-aa59-447d-9bbe-28890660db32,d4cd29de-7a52-4153-8352-7d48e59657a3,Premier Summit Contracting,Zone Risk,High,Current zone is Red. Action required to maintain or improve compliance status.,Hire 3 Saudi nationals to move to the next zone.,2026-01-06 03:46:55,False
ac74624c-3486-42c8-8d98-62a0322129ba,153553c0-8055-463e-b747-64539ddaa39a,Al Palm Engineering,Zone Risk,Medium,Current zone is Low_Green. Action required to maintain or improve compliance status.,Hire 9 Saudi nationals to move to the next zone.,2026-01-06 03:46:55,False
2a29379c-28be-4665-98a4-ed9211ed7bb2,153553c0-8055-463e-b747-64539ddaa39a,Al Palm Engineering,Contract Expiry,Medium,4 Saudi employee contract(s) expiring within 30 days.,Review and renew contracts to maintain Saudization rate.,2026-01-06 03:46:55,False
c68ea3ad-ed17-4649-8461-e9b2b0eb086f,3fb6da52-89d3-4bd2-b95f-a98047ab2e3d,Gulf Summit Capital,Zone Risk,Medium,Current zone is Low_Green. Action required to maintain or improve compliance status.,Hire 10 Saudi nationals to move to the next zone.,2026-01-06 03:46:55,False
8f171dd8-4a82-4bd3-82cb-c8abd85467f2,09244154-8dba-4269-b35e-de86c1f2df30,Elite Global Resorts,Zone Risk,High,Current zone is Red. Action required to maintain or improve compliance status.,Hire 8 Saudi nationals to move to the next zone.,2026-01-06 03:46:55,False
d9e91008-7f29-4506-83a4-ee7126d9d19b,c180bd01-157b-4f4b-aa6c-ef0f774ad1cf,Arabian Vista Clinic Group,Zone Risk,High,Current zone is Red. Action required to maintain or improve compliance status.,Hire 7 Saudi nationals to move to the next zone.,2026-01-06 03:46:55,False
57ad47ca-cbef-4c07-b92e-e867b7ad42c7,c180bd01-157b-4f4b-aa6c-ef0f774ad1cf,Arabian Vista Clinic Group,Contract Expiry,Medium,5 Saudi employee contract(s) expiring within 30 days.,Review and renew contracts to maintain Saudization rate.,2026-01-06 03:46:55,False
fbc6751f-fb87-48e9-b81f-2b50eae9735f,1ba86351-d5c4-40c9-ab2c-04fd52b5234a,Al Atlas Development Co.,Zone Risk,High,Current zone is Red. Action required to maintain or improve compliance status.,Hire 3 Saudi nationals to move to the next zone.,2026-01-06 03:46:55,False
fbc061e9-5543-411c-b48a-c08699f96c6f,31171c7f-497e-4a6e-937b-522208e68588,Royal Metro Capital,Contract Expiry,Medium,4 Saudi employee contract(s) expiring within 30 days.,Review and renew contracts to maintain Saudization rate.,2026-01-06 03:46:55,False
911b6ee0-9def-4335-85d0-6f0dcbec8f2b,5d856636-10cd-414e-b933-2cb156475523,National Global Resorts,Zone Risk,High,Current zone is Yellow. Action required to maintain or improve compliance status.,Hire 4 Saudi nationals to move to the next zone.,2026-01-06 03:46:55,False
2b0db70d-e0ee-4184-bd2d-3c037ed50ef9,c8216ba5-0510-4564-aa2f-bde13c5b77d8,Al Apex Factory,Zone Risk,High,Current zone is Red. Action required to maintain or improve compliance status.,Hire 7 Saudi nationals to move to the next zone.,2026-01-06 03:46:55,False
abfd9ff0-0aa4-4824-b2f5-d957860a0586,c8216ba5-0510-4564-aa2f-bde13c5b77d8,Al Apex Factory,Contract Expiry,Medium,2 Saudi employee contract(s) expiring within 30 days.,Review and renew contracts to maintain Saudization rate.,2026-01-06 03:46:55,False
90003a47-b4d6-4fe6-a150-a95801268ce9,95f254de-ec68-453e-b740-5c6a15bd619e,Arabian Star Health Services,Contract Expiry,Medium,3 Saudi employee contract(s) expiring within 30 days.,Review and renew contracts to maintain Saudization rate.,2026-01-06 03:46:55,False
b2e701d1-ffac-4f27-9290-b553158d9767,f77d1af9-6d8b-45cb-a3c6-fb7b0b682a0d,Golden Prime Mobile Solutions,Zone Risk,High,Current zone is Yellow. Action required to maintain or improve compliance status.,Hire 10 Saudi nationals to move to the next zone.,2026-01-06 03:46:55,False
ba5a90e4-cae0-4142-ac50-6df59bfd27d5,f77d1af9-6d8b-45cb-a3c6-fb7b0b682a0d,Golden Prime Mobile Solutions,Contract Expiry,Medium,1 Saudi employee contract(s) expiring within 30 days.,Review and renew contracts to maintain Saudization rate.,2026-01-06 03:46:55,False
f23c80b3-6347-4b74-b3a4-82313b5a31d0,6d4228a0-742c-4f6e-875d-975fa431a46f,Gulf Palm Tourism,Zone Risk,Medium,Current zone is Low_Green. Action required to maintain or improve compliance status.,Hire 8 Saudi nationals to move to the next zone.,2026-01-06 03:46:55,False
fff17e65-9c85-47c0-b6cb-2fa8ea6cb020,568a923b-ea8c-4b59-b323-2009712105c9,Al Crescent Connect,Zone Risk,Medium,Current zone is Low_Green. Action required to maintain or improve compliance status.,Hire 10 Saudi nationals to move to the next zone.,2026-01-06 03:46:55,False
30b2718f-e897-42af-a98f-9a91601e3f91,568a923b-ea8c-4b59-b323-2009712105c9,Al Crescent Connect,Contract Expiry,Medium,4 Saudi employee contract(s) expiring within 30 days.,Review and renew contracts to maintain Saudization rate.,2026-01-06 03:46:55,False
9b23240e-94ee-4610-bfb8-20160287d8b6,bd4f87bb-f3a7-49d3-a30d-174941aab09a,Royal Phoenix IT Solutions,Zone Risk,High,Current zone is Yellow. Action required to maintain or improve compliance status.,Hire 6 Saudi nationals to move to the next zone.,2026-01-06 03:46:55,False
bb00dbf2-9a85-4731-9ec4-0090a31f8b44,46ec0a90-c00d-47f3-98ec-e07f6cad1510,Premier Oasis Hotels,Zone Risk,High,Current zone is Red. Action required to maintain or improve compliance status.,Hire 9 Saudi nationals to move to the next zone.,2026-01-06 03:46:55,False
37023ef2-7c93-4281-bb33-0cdbf35e11db,8ee42809-1ce9-487b-94ed-97c23606c44d,Golden Oasis Stores,Zone Risk,High,Current zone is Red. Action required to maintain or improve compliance status.,Hire 5 Saudi nationals to move to the next zone.,2026-01-06 03:46:55,False
4b540432-fdfb-46f5-8815-243d01e56f5f,8ee42809-1ce9-487b-94ed-97c23606c44d,Golden Oasis Stores,Contract Expiry,Medium,1 Saudi employee contract(s) expiring within 30 days.,Review and renew contracts to maintain Saudization rate.,2026-01-06 03:46:55,False
6667445c-a9a2-42b7-8fa4-c7e5b000911a,56941ec6-a359-49d8-92b1-38d58ea87543,Al Summit Banking Services,Contract Expiry,Medium,3 Saudi employee contract(s) expiring within 30 days.,Review and renew contracts to maintain Saudization rate.,2026-01-06 03:46:55,False
5d62b646-4329-4b5a-9f0a-1c58a0af4773,1fc9df0c-e9a3-408f-b345-fa18885b08df,National Falcon Digital,Contract Expiry,Medium,1 Saudi employee contract(s) expiring within 30 days.,Review and renew contracts to maintain Saudization rate.,2026-01-06 03:46:55,False
8b02a130-9090-4d48-9680-a1369650689e,f58b28bc-7307-460c-b5f6-e0416141b2c6,Royal Crescent Commerce LLC,Zone Risk,Medium,Current zone is Low_Green. Action required to maintain or improve compliance status.,Hire 8 Saudi nationals to move to the next zone.,2026-01-06 03:46:55,False
39d92026-d5fd-4ebb-8abf-0d90d41da7ca,5887f71d-2223-4286-9a21-989ef36cb0fd,Royal Summit Commerce LLC,Contract Expiry,Medium,2 Saudi employee contract(s) expiring within 30 days.,Review and renew contracts to maintain Saudization rate.,2026-01-06 03:46:55,False
97f7b119-6908-4676-b91e-94b52ded9616,29398173-0376-4dd3-a7e0-119898d87b34,Al Prime Networks,Zone Risk,High,Current zone is Yellow. Action required to maintain or improve compliance status.,Hire 8 Saudi nationals to move to the next zone.,2026-01-06 03:46:55,False
23972d3f-d941-4c9e-a306-0c3852c1a795,29398173-0376-4dd3-a7e0-119898d87b34,Al Prime Networks,Contract Expiry,Medium,4 Saudi employee contract(s) expiring within 30 days.,Review and renew contracts to maintain Saudization rate.,2026-01-06 03:46:55,False
ff4fe41c-1047-47d3-af4c-c7235fc91c92,4bb4d5df-5bda-4e83-b539-4fde3fdf1372,National Oasis Industrial,Zone Risk,High,Current zone is Red. Action required to maintain or improve compliance status.,Hire 2 Saudi nationals to move to the next zone.,2026-01-06 03:46:55,False
f0d92f33-1a4b-4cc2-8089-0c2b4b959407,e1395080-93ef-4077-88f4-70c4264fa23f,Golden Vista Telecom,Zone Risk,High,Current zone is Yellow. Action required to maintain or improve compliance status.,Hire 6 Saudi nationals to move to the next zone.,2026-01-06 03:46:55,False
f663542b-eb4a-4d66-aee2-01bf114f2e53,e1395080-93ef-4077-88f4-70c4264fa23f,Golden Vista Telecom,Contract Expiry,Medium,2 Saudi employee contract(s) expiring within 30 days.,Review and renew contracts to maintain Saudization rate.,2026-01-06 03:46:55,False
0ed1fcd5-2645-4620-9886-fdb015139fb5,f0af9129-c527-4b34-a6b8-4971cc00ffed,Saudi Atlas Medical Center,Zone Risk,High,Current zone is Red. Action required to maintain or improve compliance status.,Hire 6 Saudi nationals to move to the next zone.,2026-01-06 03:46:55,False
e8c43a50-10e2-4e4c-b61b-eb71db81da22,3c9e95ad-6535-4a9c-882e-23557e6e951f,Golden Crescent Clinic Group,Contract Expiry,Medium,5 Saudi employee contract(s) expiring within 30 days.,Review and renew contracts to maintain Saudization rate.,2026-01-06 03:46:55,False
5ab8cc8e-948c-464d-a98d-8c5b6b231319,73d0297a-a63f-4df0-9da5-837f17a5074e,Elite Horizon Tourism,Zone Risk,High,Current zone is Yellow. Action required to maintain or improve compliance status.,Hire 4 Saudi nationals to move to the next zone.,2026-01-06 03:46:55,False
66833d6c-eecd-44f8-b3ad-1ce577331cf8,2ee7ab0a-4762-4129-aaa2-5c978576ddad,Arabian Global Telecom,Contract Expiry,Medium,4 Saudi employee contract(s) expiring within 30 days.,Review and renew contracts to maintain Saudization rate.,2026-01-06 03:46:55,False
