establishment_id,name,commercial_registration,sector,size_category,region,total_employees,saudi_employees,non_saudi_employees,saudization_rate,nitaqat_zone,registration_date,last_updated
8f651d62-4d43-4e25-ba46-ca861aeab5af,United Phoenix Engineering,CR6991898842,Construction,Small,Tabuk,47,4,43,0.0851,Low_Green,2024-01-03,2026-01-06 03:46:55
ababa5f1-c333-4ca3-8e72-8a40c56d8902,Al Star Tourism,CR1235129044,Hospitality,Medium,Jeddah,337,101,236,0.2997,High_Green,2016-07-21,2026-01-06 03:46:55
46f0c878-f4d0-4f4f-9900-e2019a029e9b,Royal Apex Financial,CR2029946735,Financial Services,Small,Madinah,46,10,36,0.2174,Yellow,2018-03-16,2026-01-06 03:46:55
9a285288-023d-4d3b-84a8-0f72e3cfb5d2,Al Horizon Industrial,CR5858265555,Manufacturing,Small,Riyadh,28,7,21,0.25,Mid_Green,2016-11-05,2026-01-06 03:46:55
38025427-0acf-4679-97fa-8d198eb26788,United Crown Systems,CR2807084986,Information Technology,Small,Makkah,16,3,13,0.1875,Low_Green,2016-04-27,2026-01-06 03:46:55
797f2b9a-2424-43f0-acad-cdefdd0efa02,Elite Palm Builders,CR6699357293,Construction,Medium,Tabuk,330,82,248,0.2485,Mid_Green,2017-01-05,2026-01-06 03:46:55
d4cd29de-7a52-4153-8352-7d48e59657a3,Premier Summit Contracting,CR9293121189,Construction,Small,Abha,13,0,13,0.0,Red,2018-08-16,2026-01-06 03:46:55
153553c0-8055-463e-b747-64539ddaa39a,Al Palm Engineering,CR5210585160,Construction,Medium,Jeddah,111,12,99,0.1081,Low_Green,2017-08-28,2026-01-06 03:46:55
3fb6da52-89d3-4bd2-b95f-a98047ab2e3d,Gulf Summit Capital,CR1572544718,Financial Services,Medium,Makkah,368,92,276,0.25,Low_Green,2023-12-18,2026-01-06 03:46:55
09244154-8dba-4269-b35e-de86c1f2df30,Elite Global Resorts,CR7094950140,Hospitality,Micro,Abha,4,0,4,0.0,Red,2016-03-30,2026-01-06 03:46:55
c180bd01-157b-4f4b-aa6c-ef0f774ad1cf,Arabian Vista Clinic Group,CR6461451127,Healthcare,Medium,Tabuk,264,9,255,0.0341,Red,2016-06-24,2026-01-06 03:46:55
1ba86351-d5c4-40c9-ab2c-04fd52b5234a,Al Atlas Development Co.,CR8298743673,Construction,Micro,Khobar,2,0,2,0.0,Red,2024-04-24,2026-01-06 03:46:55
31171c7f-497e-4a6e-937b-522208e68588,Royal Metro Capital,CR1086025771,Financial Services,Small,Dammam,35,13,22,0.3714,Mid_Green,2019-07-08,2026-01-06 03:46:55
518f3244-8f24-4764-8354-46bd5ac275a2,National Horizon Industries,CR5596681482,Manufacturing,Large,Tabuk,1682,704,978,0.4185,Platinum,2021-04-01,2026-01-06 03:46:55
5d856636-10cd-414e-b933-2cb156475523,National Global Resorts,CR3148459106,Hospitality,Medium,Makkah,406,25,381,0.0616,Yellow,2020-10-21,2026-01-06 03:46:55
c356d845-6dda-45f6-8683-f737c8770992,Al Oasis Health Services,CR6094962751,Healthcare,Small,Dammam,41,22,19,0.5366,Platinum,2016-04-22,2026-01-06 03:46:55
f30f0a8d-03c2-4879-8a09-55a9b67c7037,Arabian Metro Medical,CR7006960108,Healthcare,Medium,Abha,201,128,73,0.6368,Platinum,2020-08-02,2026-01-06 03:46:55
c8216ba5-0510-4564-aa2f-bde13c5b77d8,Al Apex Factory,CR2742144616,Manufacturing,Micro,Jeddah,3,0,3,0.0,Red,2019-09-08,2026-01-06 03:46:55
95f254de-ec68-453e-b740-5c6a15bd619e,Arabian Star Health Services,CR5291705316,Healthcare,Small,Riyadh,12,5,7,0.4167,High_Green,2016-06-22,2026-01-06 03:46:55
f77d1af9-6d8b-45cb-a3c6-fb7b0b682a0d,Golden Prime Mobile Solutions,CR8309315252,Telecommunications,Small,Dammam,16,3,13,0.1875,Yellow,2024-11-18,2026-01-06 03:46:55
6d7ab2f5-042c-4529-a169-9510c1b641ba,Saudi Vista Production Co.,CR1205797007,Manufacturing,Medium,Riyadh,295,136,159,0.461,Platinum,2017-08-30,2026-01-06 03:46:55
e5065d66-4e47-42da-9b69-1f9d978ca040,National Global Mobile Solutions,CR7006409885,Telecommunications,Medium,Khobar,469,166,303,0.3539,Mid_Green,2020-02-24,2026-01-06 03:46:55
7f7b8236-fa0d-4eee-9928-f6b4f7d4afd3,Golden Metro Builders,CR8273612904,Construction,Medium,Makkah,154,24,130,0.1558,Mid_Green,2023-06-02,2026-01-06 03:46:55
6d4228a0-742c-4f6e-875d-975fa431a46f,Gulf Palm Tourism,CR3763943581,Hospitality,Medium,Jeddah,184,22,162,0.1196,Low_Green,2020-04-14,2026-01-06 03:46:55
5755d195-024e-43bb-84b8-93f6f7134caf,Elite Apex Capital,CR8109615256,Financial Services,Small,Riyadh,30,15,15,0.5,High_Green,2021-09-19,2026-01-06 03:46:55
568a923b-ea8c-4b59-b323-2009712105c9,Al Crescent Connect,CR7654063967,Telecommunications,Small,Khobar,10,2,8,0.2,Low_Green,2016-04-02,2026-01-06 03:46:55
556baa92-b5dc-498e-be4c-e9df622309de,Premier Vista Stores,CR4301857236,Retail,Medium,Jeddah,445,96,349,0.2157,Mid_Green,2020-04-23,2026-01-06 03:46:55
bd4f87bb-f3a7-49d3-a30d-174941aab09a,Royal Phoenix IT Solutions,CR6864384265,Information Technology,Medium,Abha,235,21,214,0.0894,Yellow,2020-12-16,2026-01-06 03:46:55
9f8c720d-6091-4615-b09a-0208e8c388bc,United Crescent Development Co.,CR7645892312,Construction,Small,Dammam,20,5,15,0.25,High_Green,2020-09-23,2026-01-06 03:46:55
46ec0a90-c00d-47f3-98ec-e07f6cad1510,Premier Oasis Hotels,CR4611853003,Hospitality,Medium,Khobar,350,8,342,0.0229,Red,2017-03-10,2026-01-06 03:46:55
8ee42809-1ce9-487b-94ed-97c23606c44d,Golden Oasis Stores,CR5532117556,Retail,Micro,Jeddah,9,0,9,0.0,Red,2024-06-28,2026-01-06 03:46:55
5a471dfe-a087-4ac6-81f9-21acd3c5c572,Premier Palm Health Services,CR4718595939,Healthcare,Large,Khobar,1242,395,847,0.318,Mid_Green,2023-08-17,2026-01-06 03:46:55
56941ec6-a359-49d8-92b1-38d58ea87543,Al Summit Banking Services,CR5492138875,Financial Services,Small,Makkah,13,7,6,0.5385,High_Green,2021-09-24,2026-01-06 03:46:55
f30e2a38-8666-4e0c-9041-b6bdab300efe,Gulf Global Resorts,CR7621658149,Hospitality,Small,Makkah,35,8,27,0.2286,Mid_Green,2024-10-06,2026-01-06 03:46:55
1fc9df0c-e9a3-408f-b345-fa18885b08df,National Falcon Digital,CR5542995896,Information Technology,Small,Khobar,36,13,23,0.3611,High_Green,2016-09-25,2026-01-06 03:46:55
f58b28bc-7307-460c-b5f6-e0416141b2c6,Royal Crescent Commerce LLC,CR5444105226,Retail,Small,Jeddah,11,2,9,0.1818,Low_Green,2024-06-11,2026-01-06 03:46:55
fd667892-624a-40f6-81f9-da6f504e05d0,Royal Star Hotel Management,CR4656359888,Hospitality,Small,Abha,25,5,20,0.2,Mid_Green,2022-07-11,2026-01-06 03:46:55
5887f71d-2223-4286-9a21-989ef36cb0fd,Royal Summit Commerce LLC,CR8519435416,Retail,Medium,Jeddah,281,71,210,0.2527,Mid_Green,2023-04-26,2026-01-06 03:46:55
29398173-0376-4dd3-a7e0-119898d87b34,Al Prime Networks,CR6277184909,Telecommunications,Medium,Madinah,275,30,245,0.1091,Yellow,2020-06-07,2026-01-06 03:46:55
92a2ebac-ac79-49e6-a411-82407c27475b,Arabian Vista Market Solutions,CR1697059407,Retail,Medium,Makkah,278,102,176,0.3669,High_Green,2017-09-06,2026-01-06 03:46:55
4bb4d5df-5bda-4e83-b539-4fde3fdf1372,National Oasis Industrial,CR8968713956,Manufacturing,Micro,Makkah,6,0,6,0.0,Red,2019-12-05,2026-01-06 03:46:55
f57b72bd-839b-43ea-b8df-e0367c7f7948,Premier Crown Hospitality Group,CR3288385154,Hospitality,Medium,Riyadh,337,109,228,0.3234,High_Green,2023-09-27,2026-01-06 03:46:55
e1395080-93ef-4077-88f4-70c4264fa23f,Golden Vista Telecom,CR6248879773,Telecommunications,Small,Jeddah,17,1,16,0.0588,Yellow,2020-02-02,2026-01-06 03:46:55
6eb68307-0f16-455a-9f79-1cd92edda0e3,Gulf Phoenix IT Solutions,CR6761661658,Information Technology,Small,Riyadh,28,10,18,0.3571,High_Green,2021-10-25,2026-01-06 03:46:55
f0af9129-c527-4b34-a6b8-4971cc00ffed,Saudi Atlas Medical Center,CR4225038107,Healthcare,Medium,Madinah,449,16,433,0.0356,Red,2021-02-25,2026-01-06 03:46:55
3c9e95ad-6535-4a9c-882e-23557e6e951f,Golden Crescent Clinic Group,CR5590242521,Healthcare,Medium,Riyadh,331,134,197,0.4048,High_Green,2020-06-03,2026-01-06 03:46:55
73d0297a-a63f-4df0-9da5-837f17a5074e,Elite Horizon Tourism,CR9750059629,Hospitality,Small,Dammam,21,1,20,0.0476,Yellow,2023-05-15,2026-01-06 03:46:55
2ee7ab0a-4762-4129-aaa2-5c978576ddad,Arabian Global Telecom,CR2208942329,Telecommunications,Medium,Riyadh,224,98,126,0.4375,High_Green,2021-03-06,2026-01-06 03:46:55
5bd858ff-fc15-4790-91ba-cad3445efb71,Arabian Falcon Hospitality Group,CR8859642176,Hospitality,Medium,Makkah,105,35,70,0.3333,High_Green,2024-01-28,2026-01-06 03:46:55
dec60126-dcf2-4f65-a6e7-bf97f837200f,Premier Vista Construction,CR5544387925,Construction,Medium,Khobar,267,46,221,0.1723,Mid_Green,2016-10-20,2026-01-06 03:46:55
