rule_id,sector,size_category,platinum_threshold_pct,high_green_threshold_pct,mid_green_threshold_pct,low_green_threshold_pct,effective_date,last_updated
2153b70d-bd14-452e-8c14-661638da74da,Retail,Micro,40.0,30.0,20.0,12.0,2024-01-01,2026-01-06
b6122e96-1fb0-4c63-8c00-ee2ca34e787a,Retail,Small,40.0,30.0,20.0,12.0,2024-01-01,2026-01-06
dea8e66b-97d2-43a8-8f0d-d3b28a4b3cb3,Retail,Medium,42.0,32.0,22.0,14.0,2024-01-01,2026-01-06
8129a53c-3d4d-4873-99fa-3ae7661b6cdc,Retail,Large,45.0,35.0,25.0,17.0,2024-01-01,2026-01-06
a626eed2-8a4b-44cd-9b39-0f96795c0c6b,Construction,Micro,35.0,25.0,15.0,8.0,2024-01-01,2026-01-06
aa75d305-3339-4ab4-a472-cb6c5d1430fa,Construction,Small,35.0,25.0,15.0,8.0,2024-01-01,2026-01-06
50b4026a-a93d-4a2c-9416-18e5cad99f47,Construction,Medium,37.0,27.0,17.0,10.0,2024-01-01,2026-01-06
aa045e1d-42cd-4037-bfe2-25a1a0dcebc6,Construction,Large,40.0,30.0,20.0,13.0,2024-01-01,2026-01-06
bedd3de6-ebd1-4b30-8fca-daf413eecb27,Information Technology,Micro,45.0,35.0,25.0,15.0,2024-01-01,2026-01-06
ce049f54-d66c-4c9f-a4c4-3598eb0dde86,Information Technology,Small,45.0,35.0,25.0,15.0,2024-01-01,2026-01-06
86a3603f-8715-4eda-a15a-208240950ce3,Information Technology,Medium,47.0,37.0,27.0,17.0,2024-01-01,2026-01-06
32a063d1-61b8-4932-9805-970bd1bdab2c,Information Technology,Large,50.0,40.0,30.0,20.0,2024-01-01,2026-01-06
a744bb6c-caca-4fbb-b256-664d58c1840e,Healthcare,Micro,50.0,40.0,30.0,20.0,2024-01-01,2026-01-06
1c971710-6339-4eff-af18-82c3d824007a,Healthcare,Small,50.0,40.0,30.0,20.0,2024-01-01,2026-01-06
2bcdec90-de80-40fc-897c-f1248adcf776,Healthcare,Medium,52.0,42.0,32.0,22.0,2024-01-01,2026-01-06
72b0f9f7-144f-4ae3-b304-547a2ed94331,Healthcare,Large,55.0,45.0,35.0,25.0,2024-01-01,2026-01-06
8d6e5993-3861-4659-ba24-8bc476815f92,Hospitality,Micro,35.0,25.0,18.0,10.0,2024-01-01,2026-01-06
ff91a8bd-db7a-468a-82ba-1f553e074c26,Hospitality,Small,35.0,25.0,18.0,10.0,2024-01-01,2026-01-06
98aaf594-d53f-47dd-a9bb-4ed2910f9eee,Hospitality,Medium,37.0,27.0,20.0,12.0,2024-01-01,2026-01-06
23c101b3-959e-4c7a-b40b-ec02723b1b41,Hospitality,Large,40.0,30.0,23.0,15.0,2024-01-01,2026-01-06
c0146c4c-56b7-4fe8-982b-879777f0a17e,Manufacturing,Micro,38.0,28.0,18.0,10.0,2024-01-01,2026-01-06
9dfb17f8-53fa-45dd-8771-1f4bbd3ab258,Manufacturing,Small,38.0,28.0,18.0,10.0,2024-01-01,2026-01-06
03a473b8-a4ed-460d-b139-0a8bf81c7c94,Manufacturing,Medium,40.0,30.0,20.0,12.0,2024-01-01,2026-01-06
bf07eb19-f368-44b2-a3b9-bdaa257033d0,Manufacturing,Large,43.0,33.0,23.0,15.0,2024-01-01,2026-01-06
fa691a1d-1cc2-4992-82ee-ddea937e775c,Financial Services,Micro,55.0,45.0,35.0,25.0,2024-01-01,2026-01-06
9afa4c0b-0bb6-49b4-9b00-9851305af3ac,Financial Services,Small,55.0,45.0,35.0,25.0,2024-01-01,2026-01-06
0d7480cf-b33d-445f-88e5-f78b87da3932,Financial Services,Medium,57.0,47.0,37.0,27.0,2024-01-01,2026-01-06
fe449147-1262-4e98-89bc-5ba63e3706d7,Financial Services,Large,60.0,50.0,40.0,30.0,2024-01-01,2026-01-06
7d386931-20c3-4b25-8029-12df01e66727,Telecommunications,Micro,50.0,40.0,30.0,20.0,2024-01-01,2026-01-06
c0f5810e-707e-4ab8-8bc5-0a88be1b1344,Telecommunications,Small,50.0,40.0,30.0,20.0,2024-01-01,2026-01-06
1f44540c-37d8-4a49-b8e7-536437960d14,Telecommunications,Medium,52.0,42.0,32.0,22.0,2024-01-01,2026-01-06
dbeaea11-d0e9-4bd9-9e2f-c807eb839732,Telecommunications,Large,55.0,45.0,35.0,25.0,2024-01-01,2026-01-06
