benchmark_id,sector,avg_saudization_pct,median_saudization_pct,top_quartile_pct,bottom_quartile_pct,total_establishments,trend_direction,period,generated_date
21f28be4-c037-4ffc-aaff-35b5955ce3c1,Construction,12.7,15.6,24.9,8.5,8,Stable,2024-Q4,2026-01-06
5f0dcbe6-fe22-418f-b9d0-9c489892e712,Hospitality,16.4,20.0,30.0,4.8,10,Increasing,2024-Q4,2026-01-06
5e14e8e8-b44c-43df-85b9-5bd649682683,Financial Services,37.5,37.1,50.0,25.0,5,Stable,2024-Q4,2026-01-06
3103fdd8-983f-408f-8a8a-7e3c5b936817,Manufacturing,22.6,25.0,41.9,0.0,5,Stable,2024-Q4,2026-01-06
aa6cd1a5-8c4a-4097-8ef9-f1a9bb4273db,Information Technology,24.9,35.7,36.1,18.8,4,Stable,2024-Q4,2026-01-06
0befd92a-fbdc-49ac-b79f-78d73d718e26,Healthcare,34.0,40.5,53.7,3.6,7,Stable,2024-Q4,2026-01-06
ae384cbf-5c6f-4c24-9601-bf940ea2a063,Telecommunications,22.4,20.0,35.4,10.9,6,Increasing,2024-Q4,2026-01-06
ce16f616-cb2d-46c7-8d9a-9d2fee8e90f0,Retail,20.3,21.6,25.3,18.2,5,Stable,2024-Q4,2026-01-06
